Ansiotulo (€/vuosi);Kk-palkka (€);Verot ja maksut (€/v);Vero-prosentti;Marginaali-vero;Nettotulo (€/v)
1000;80;82;8,2%;8,2%;918
2000;160;164;8,2%;8,2%;1836
3000;240;246;8,2%;8,2%;2754
4000;320;328;8,2%;8,2%;3672
5000;400;410;8,2%;8,2%;4591
6000;480;491;8,2%;8,2%;5509
7000;560;573;8,2%;8,2%;6427
8000;640;655;8,2%;8,2%;7345
9000;720;737;8,2%;8,2%;8263
10000;800;819;8,2%;8,2%;9181
11000;880;901;8,2%;8,2%;10099
12000;960;983;8,2%;8,2%;11017
13000;1040;1065;8,2%;8,2%;11935
14000;1120;1147;8,2%;8,2%;12853
15000;1200;1229;8,2%;8,2%;13772
16000;1280;1313;8,2%;10,7%;14687
17000;1360;1420;8,4%;10,7%;15580
18000;1440;1685;9,4%;11,6%;16315
19000;1520;1801;9,5%;11,6%;17199
20000;1600;2013;10,1%;35,9%;17987
21000;1680;2372;11,3%;35,9%;18628
22000;1760;2731;12,4%;35,9%;19269
23000;1840;3073;13,4%;33,4%;19927
24000;1920;3407;14,2%;33,4%;20593
25000;2000;3741;15,0%;33,4%;21259
26000;2080;4075;15,7%;39,7%;21925
27000;2160;4476;16,6%;40,2%;22524
28000;2240;4879;17,4%;40,2%;23121
29000;2320;5281;18,2%;40,2%;23719
30000;2400;5684;18,9%;40,2%;24316
31000;2480;6086;19,6%;40,2%;24914
32000;2560;6468;20,2%;35,5%;25532
33000;2640;6823;20,7%;35,5%;26177
34000;2720;7178;21,1%;35,5%;26822
35000;2800;7533;21,5%;35,5%;27467
36000;2880;7893;21,9%;37,5%;28107
37000;2960;8301;22,4%;47,7%;28699
38000;3040;8778;23,1%;47,7%;29222
39000;3120;9255;23,7%;47,7%;29745
40000;3200;9732;24,3%;47,7%;30268
41000;3280;10209;24,9%;47,7%;30791
42000;3360;10686;25,4%;47,7%;31314
43000;3440;11163;26,0%;47,7%;31837
44000;3520;11641;26,5%;47,7%;32359
45000;3600;12120;26,9%;50,4%;32880
46000;3680;12624;27,4%;50,4%;33376
47000;3760;13129;27,9%;50,4%;33871
48000;3840;13633;28,4%;50,4%;34367
49000;3920;14137;28,9%;50,4%;34863
50000;4000;14642;29,3%;50,4%;35358
51000;4080;15146;29,7%;49,6%;35854
52000;4160;15637;30,1%;48,4%;36363
53000;4240;16121;30,4%;48,4%;36879
54000;4320;16606;30,8%;48,4%;37394
55000;4400;17090;31,1%;48,4%;37910
56000;4480;17574;31,4%;48,4%;38426
57000;4560;18059;31,7%;48,4%;38941
58000;4640;18543;32,0%;51,5%;39457
59000;4720;19062;32,3%;52,3%;39938
60000;4800;19585;32,6%;52,3%;40415
61000;4880;20108;33,0%;52,3%;40892
62000;4960;20631;33,3%;52,3%;41369
63000;5040;21154;33,6%;52,3%;41846
64000;5120;21677;33,9%;52,3%;42323
65000;5200;22200;34,2%;52,3%;42800
66000;5280;22723;34,4%;52,3%;43277
67000;5360;23246;34,7%;52,3%;43754
68000;5440;23769;35,0%;52,3%;44231
69000;5520;24292;35,2%;52,3%;44708
70000;5600;24815;35,5%;52,3%;45185
71000;5680;25339;35,7%;52,3%;45661
72000;5760;25862;35,9%;52,3%;46138
73000;5840;26385;36,1%;52,3%;46615
74000;5920;26908;36,4%;52,3%;47092
75000;6000;27431;36,6%;52,3%;47569
76000;6080;27954;36,8%;52,3%;48046
77000;6160;28477;37,0%;52,3%;48523
78000;6240;29000;37,2%;52,3%;49000
79000;6320;29523;37,4%;52,3%;49477
80000;6400;30046;37,6%;52,3%;49954
81000;6480;30569;37,7%;52,3%;50431
82000;6560;31092;37,9%;52,3%;50908
83000;6640;31615;38,1%;52,3%;51385
84000;6720;32138;38,3%;52,3%;51862
85000;6800;32662;38,4%;52,3%;52338
86000;6880;33185;38,6%;52,3%;52815
87000;6960;33708;38,7%;52,3%;53292
88000;7040;34231;38,9%;52,3%;53769
89000;7120;34754;39,0%;52,3%;54246
90000;7200;35277;39,2%;52,3%;54723
91000;7280;35800;39,3%;52,3%;55200
92000;7360;36323;39,5%;52,3%;55677
93000;7440;36846;39,6%;52,3%;56154
94000;7520;37369;39,8%;52,3%;56631
95000;7600;37892;39,9%;52,3%;57108
96000;7680;38415;40,0%;52,3%;57585
97000;7760;38938;40,1%;52,3%;58062
98000;7840;39462;40,3%;52,3%;58538
99000;7920;39985;40,4%;52,3%;59015
100000;8000;40508;40,5%;52,3%;59492
101000;8080;41031;40,6%;52,3%;59969
102000;8160;41554;40,7%;52,3%;60446
103000;8240;42077;40,9%;52,3%;60923
104000;8320;42600;41,0%;52,3%;61400
105000;8400;43123;41,1%;52,3%;61877
106000;8480;43646;41,2%;52,3%;62354
107000;8560;44169;41,3%;52,3%;62831
108000;8640;44692;41,4%;52,3%;63308
109000;8720;45215;41,5%;52,3%;63785
110000;8800;45738;41,6%;52,3%;64262
111000;8880;46261;41,7%;52,3%;64739
112000;8960;46785;41,8%;52,3%;65216
113000;9040;47308;41,9%;52,3%;65692
114000;9120;47831;42,0%;52,3%;66169
115000;9200;48354;42,0%;52,3%;66646
116000;9280;48877;42,1%;52,3%;67123
117000;9360;49400;42,2%;52,3%;67600
118000;9440;49923;42,3%;52,3%;68077
119000;9520;50446;42,4%;52,3%;68554
120000;9600;50969;42,5%;52,3%;69031
121000;9680;51492;42,6%;52,3%;69508
122000;9760;52015;42,6%;52,3%;69985
123000;9840;52538;42,7%;52,3%;70462
124000;9920;53061;42,8%;52,3%;70939
125000;10000;53584;42,9%;52,3%;71416
126000;10080;54108;42,9%;52,3%;71892
127000;10160;54631;43,0%;52,3%;72369
128000;10240;55154;43,1%;52,3%;72846
129000;10320;55677;43,2%;52,3%;73323
130000;10400;56200;43,2%;52,3%;73800
131000;10480;56723;43,3%;52,3%;74277
132000;10560;57246;43,4%;52,3%;74754
133000;10640;57769;43,4%;52,3%;75231
134000;10720;58292;43,5%;52,3%;75708
135000;10800;58815;43,6%;52,3%;76185
136000;10880;59338;43,6%;52,3%;76662
137000;10960;59861;43,7%;52,3%;77139
138000;11040;60384;43,8%;52,3%;77616
139000;11120;60907;43,8%;52,3%;78093
140000;11200;61431;43,9%;52,3%;78569
141000;11280;61954;43,9%;52,3%;79046
142000;11360;62477;44,0%;52,3%;79523
143000;11440;63000;44,1%;52,3%;80000
144000;11520;63523;44,1%;52,3%;80477
145000;11600;64046;44,2%;52,3%;80954
146000;11680;64569;44,2%;52,3%;81431
147000;11760;65092;44,3%;52,3%;81908
148000;11840;65615;44,3%;52,3%;82385
149000;11920;66138;44,4%;52,3%;82862
150000;12000;66661;44,4%;52,3%;83339
151000;12080;67184;44,5%;52,3%;83816
152000;12160;67707;44,5%;52,3%;84293
153000;12240;68230;44,6%;52,3%;84770
154000;12320;68754;44,6%;52,3%;85246
155000;12400;69277;44,7%;52,3%;85723
156000;12480;69800;44,7%;52,3%;86200
157000;12560;70323;44,8%;52,3%;86677
158000;12640;70846;44,8%;52,3%;87154
159000;12720;71369;44,9%;52,3%;87631
160000;12800;71892;44,9%;52,3%;88108
161000;12880;72415;45,0%;52,3%;88585
162000;12960;72938;45,0%;52,3%;89062
163000;13040;73461;45,1%;52,3%;89539
164000;13120;73984;45,1%;52,3%;90016
165000;13200;74507;45,2%;52,3%;90493
166000;13280;75030;45,2%;52,3%;90970
167000;13360;75553;45,2%;52,3%;91447
168000;13440;76077;45,3%;52,3%;91923
169000;13520;76600;45,3%;52,3%;92400
170000;13600;77123;45,4%;52,3%;92877
171000;13680;77646;45,4%;52,3%;93354
172000;13760;78169;45,4%;52,3%;93831
173000;13840;78692;45,5%;52,3%;94308
174000;13920;79215;45,5%;52,3%;94785
175000;14000;79738;45,6%;52,3%;95262
176000;14080;80261;45,6%;52,3%;95739
177000;14160;80784;45,6%;52,3%;96216
178000;14240;81307;45,7%;52,3%;96693
179000;14320;81830;45,7%;52,3%;97170
180000;14400;82353;45,8%;52,3%;97647
181000;14480;82876;45,8%;52,3%;98124
182000;14560;83400;45,8%;52,3%;98600
183000;14640;83923;45,9%;52,3%;99077
184000;14720;84446;45,9%;52,3%;99554
185000;14800;84969;45,9%;52,3%;100031
186000;14880;85492;46,0%;52,3%;100508
187000;14960;86015;46,0%;52,3%;100985
188000;15040;86538;46,0%;52,3%;101462
189000;15120;87061;46,1%;52,3%;101939
190000;15200;87584;46,1%;52,3%;102416
191000;15280;88107;46,1%;52,3%;102893
192000;15360;88630;46,2%;52,3%;103370
193000;15440;89153;46,2%;52,3%;103847
194000;15520;89676;46,2%;52,3%;104324
195000;15600;90200;46,3%;52,3%;104801
196000;15680;90723;46,3%;52,3%;105277
197000;15760;91246;46,3%;52,3%;105754
198000;15840;91769;46,3%;52,3%;106231
199000;15920;92292;46,4%;52,3%;106708
200000;16000;92815;46,4%;52,3%;107185
205000;16400;95430;46,6%;52,3%;109570
210000;16800;98046;46,7%;52,3%;111954
215000;17200;100661;46,8%;52,3%;114339
220000;17600;103276;46,9%;52,3%;116724
225000;18000;105892;47,1%;52,3%;119108
230000;18400;108507;47,2%;52,3%;121493
235000;18800;111122;47,3%;52,3%;123878
240000;19200;113738;47,4%;52,3%;126262
245000;19600;116353;47,5%;52,3%;128647
250000;20000;118968;47,6%;52,3%;131032
255000;20400;121584;47,7%;52,3%;133416
260000;20800;124199;47,8%;52,3%;135801
265000;21200;126815;47,9%;52,3%;138185
270000;21600;129430;47,9%;52,3%;140570
275000;22000;132045;48,0%;52,3%;142955
280000;22400;134661;48,1%;52,3%;145339
285000;22800;137276;48,2%;52,3%;147724
290000;23200;139891;48,2%;52,3%;150109
295000;23600;142507;48,3%;52,3%;152493
300000;24000;145122;48,4%;52,3%;154878
305000;24400;147737;48,4%;52,3%;157263
310000;24800;150353;48,5%;52,3%;159647
315000;25200;152968;48,6%;52,3%;162032
320000;25600;155584;48,6%;52,3%;164416
325000;26000;158199;48,7%;52,3%;166801
330000;26400;160814;48,7%;52,3%;169186
335000;26800;163430;48,8%;52,3%;171570
340000;27200;166045;48,8%;52,3%;173955
345000;27600;168660;48,9%;52,3%;176340
350000;28000;171276;48,9%;52,3%;178724
355000;28400;173891;49,0%;52,3%;181109
360000;28800;176506;49,0%;52,3%;183494
365000;29200;179122;49,1%;52,3%;185878
370000;29600;181737;49,1%;52,3%;188263
375000;30000;184352;49,2%;52,3%;190648
380000;30400;186968;49,2%;52,3%;193032
385000;30800;189583;49,2%;52,3%;195417
390000;31200;192199;49,3%;52,3%;197801
395000;31600;194814;49,3%;52,3%;200186
400000;32000;197429;49,4%;52,3%;202571
405000;32400;200045;49,4%;52,3%;204955
410000;32800;202660;49,4%;52,3%;207340
415000;33200;205275;49,5%;52,3%;209725
420000;33600;207891;49,5%;52,3%;212109
425000;34000;210506;49,5%;52,3%;214494
430000;34400;213121;49,6%;52,3%;216879
435000;34800;215737;49,6%;52,3%;219263
440000;35200;218352;49,6%;52,3%;221648
445000;35600;220968;49,7%;52,3%;224032
450000;36000;223583;49,7%;52,3%;226417
455000;36400;226198;49,7%;52,3%;228802
460000;36800;228814;49,7%;52,3%;231186
465000;37200;231429;49,8%;52,3%;233571
470000;37600;234044;49,8%;52,3%;235956
475000;38000;236660;49,8%;52,3%;238340
480000;38400;239275;49,8%;52,3%;240725
485000;38800;241890;49,9%;52,3%;243110
490000;39200;244506;49,9%;52,3%;245494
495000;39600;247121;49,9%;52,3%;247879
500000;40000;249737;49,9%;52,3%;250264
505000;40400;252352;50,0%;52,3%;252648
510000;40800;254967;50,0%;52,3%;255033
515000;41200;257583;50,0%;52,3%;257417
520000;41600;260198;50,0%;52,3%;259802
525000;42000;262813;50,1%;52,3%;262187
530000;42400;265429;50,1%;52,3%;264571
535000;42800;268044;50,1%;52,3%;266956
540000;43200;270659;50,1%;52,3%;269341
545000;43600;273275;50,1%;52,3%;271725
550000;44000;275890;50,2%;52,3%;274110
555000;44400;278505;50,2%;52,3%;276495
560000;44800;281121;50,2%;52,3%;278879
565000;45200;283736;50,2%;52,3%;281264
570000;45600;286352;50,2%;52,3%;283648
575000;46000;288967;50,3%;52,3%;286033
580000;46400;291582;50,3%;52,3%;288418
585000;46800;294198;50,3%;52,3%;290802
590000;47200;296813;50,3%;52,3%;293187
595000;47600;299428;50,3%;52,3%;295572
600000;48000;302044;50,3%;52,3%;297956
650000;52000;328197;50,5%;52,3%;321803
700000;56000;354351;50,6%;52,3%;345649
750000;60000;380505;50,7%;52,3%;369495
800000;64000;406658;50,8%;52,3%;393342
850000;68000;432812;50,9%;52,3%;417188
900000;72000;458965;51,0%;52,3%;441035
950000;76000;485119;51,1%;52,3%;464881
1000000;80000;511273;51,1%;52,3%;488727
